Repository,Date,Message
react,2026-06-05T23:17:18Z,"[flow] Bump flow to v0.317.0 (#36701)

## Summary

Mostly changing the casting syntax from `(x: Y)` to `x as Y`, as the old
syntax was deprecated and always causing an error in Flow

## How did you test this change?

`yarn flow-ci`"
react,2026-06-05T17:54:38Z,"[flow] Bump flow to v0.307.1 (#36199)

## Summary

Notable changes:
- Only $FlowFixMe, $FlowExpectedError suppression comments are supported
- All suppression comments need error code
- A lot of new invalid-compare and constant-condition errors suppressed.
These errors reveal potential logical bugs

## How did you test this change?

`yarn flow-ci`"
react,2026-06-03T19:06:08Z,"[Fizz] Allow Pending Work to Specialize Abort Reasons (#36586)

# Allow Pending Work to Specialize Abort Reasons

## Summary

Fizz currently reports every unfinished task using the same request-wide
abort reason. This makes it possible to observe that a render did not
finish, but not to understand why any individual suspended slot remained
incomplete.

This change allows suspended tasks to report a more specific rejection
reason when the wakeable they are blocked on rejects after abort begins
and before Fizz finalizes that task. Tasks that do not reject during
this window continue to report the general abort reason.

This is primarily motivated by partial prerendering, where aborting is
not merely an exceptional termination mechanism. It is the API used to
intentionally finish a prerender while leaving some work unresolved.

## Motivation

For an ordinary server render, a request abort generally means that the
result is no longer needed. Reporting the same abort reason for every
unfinished task is usually sufficient.

For a partial prerender, the meaning is different. The caller
intentionally aborts in order to produce a partial result. The
unfinished work is then useful information: it identifies which parts of
the tree prevented the prerender from completing.

Today, all of those tasks receive the same abort reason:

```text
slot A -> prerender aborted
slot B -> prerender aborted
slot C -> prerender aborted
```

That says which work was incomplete, but not whether different slots
should be interpreted differently.

For example, an application may have:

- A slow API that is permitted to miss the prerender deadline and should
not produce actionable logging.
- Other work that is expected to finish during prerendering and should
be reported when it does not.
- A data source that can provide additional telemetry about why it did
not finish once it learns that the prerender has been aborted.

With a single request-wide abort reason, `onError` cannot distinguish
these cases.

## Proposed Behavior

When abort begins, Fizz still associates a general abort reason with the
request. That reason remains the fallback for every unfinished task.

However, if a task is suspended on a wakeable and that wakeable rejects
during the interval between:

1. The request beginning to abort.
2. Fizz finalizing that task as aborted.

then Fizz reports the wakeable's rejection reason for that task instead
of the general abort reason.

Conceptually:

```text
slot A -> rejected during abort with TimeoutError(""optional recommendations timed out"")
slot B -> still pending when abort finishes -> Error(""prerender deadline reached"")
slot C -> rejected during abort with QueryError(""inventory lookup canceled"")
```

A rejection that arrives after its task has already been finalized is
ignored.

## Intended Usage

The canonical usage is for the caller to use the same `AbortSignal` both
to terminate the prerender and to notify data sources that may still be
blocking suspended work. A data source can reject with a more specific
error whose `cause` preserves its relationship to the overall abort.

```js
const controller = new AbortController();
const abortReason = new Error('prerender deadline reached');

const result = prerender(<App signal={controller.signal} />, {
  signal: controller.signal,
  onError(error) {
    if (error === abortReason) {
      // This task was unfinished but did not provide a more specific reason.
      return;
    }

    if (error instanceof Error && error.cause === abortReason) {
      // This task reported a specialized failure caused by the prerender abort.
      // For example, suppress an expected optional timeout or record telemetry.
      return;
    }

    // Interpret an ordinary rendering error.
  },
});

controller.abort(abortReason);
```

An interested data source can observe that signal and reject pending
work with an operation-specific reason that records the abort as its
cause:

```js
signal.addEventListener(
  'abort',
  () => {
    reject(
      new Error('optional recommendations timed out', {
        cause: signal.reason,
      }),
    );
  },
  {once: true},
);
```

If this rejection arrives before Fizz finishes aborting the suspended
task, `onError` receives the operation-specific error instead of the
general abort reason. Work that does not provide a specialized rejection
continues to report `abortReason` directly.

This allows applications to:

- Suppress logging for intentionally optional or deadline-limited work.
- Surface unfinished work that should be investigated.
- Include operation-specific telemetry or context in aborted-slot
reporting.
- Retain an explicit causal relationship between a specialized error and
the request-wide abort.

## Causality And Scope

Fizz does not attempt to prove that a wakeable rejected because of the
abort signal.

The precise behavior is temporal:

- If a suspended wakeable rejects after abort begins and before its task
is finalized, its rejection specializes that task's abort reason.
- If it does not reject during that interval, the task receives the
general abort reason.
- If it rejects after finalization, the rejection is ignored for Fizz
error reporting.

Using the same `AbortSignal` to notify data sources is the intended
protocol, but Fizz cannot distinguish a rejection caused by that signal
from any unrelated rejection that happens to occur during the abort
window.

Likewise, `signal.aborted` in `onError` lets callers distinguish errors
observed before abort initiation from errors observed after it began. It
does not independently prove causality for an arbitrary rejection.

## Implementation

Previously, a suspended task attached the same ping callback for both
fulfillment and rejection:

```js
wakeable.then(ping, ping);
```

That is correct during ordinary rendering because retrying the task
allows a rejected wakeable to throw through the normal render path,
preserving regular error handling and stack construction.

During abort, however, retrying general work is intentionally
suppressed. To preserve a rejection that arrives during the abort
window, the task now stores distinct fulfillment and rejection ping
callbacks:

```js
wakeable.then(ping.resolve, ping.reject);
```

Before abort begins, `ping.reject` retains existing behavior by
scheduling the task for retry.

After abort begins, `ping.reject` attempts to claim the still-pending
aborted task from its owning abort set. If successful, Fizz finalizes
that task immediately using the rejection reason. The later scheduled
abort finish processes only tasks that remain in their abort sets, using
the general abort reason.

This avoids adding another top-level property to `Task`, whose
production shape is already at the current field-count threshold, while
also covering suspension mechanisms such as `React.lazy` that cannot be
handled by inspecting `use()` thenable state.

## Tests

The tests cover:

- A rejected suspended task reporting a specialized reason while
unrelated pending work still reports the general abort reason.
- Specialization for `React.lazy`, ensuring this is not limited to
`use()` suspension.
- A rejection arriving after abort finalization being ignored.
- The prerender scheduling window in both static Browser and Node APIs,
where abort listeners can reject pending work before abort completion."
react,2026-06-03T10:00:26Z,[flags] Cleanup `enableActivity` (#36603)
react,2026-06-01T15:18:06Z,"[Fizz] Abort tasks that suspend after aborting during render (#36585)

Stacked on #36580

When a task calls `abort()` while it is rendering, Fizz intentionally
leaves that task alone during the synchronous abort sweep so it can
unwind normally. If the task then suspends before reaching a normal
abort check, however, it currently remains pending and does not report
the abort reason.

This change completes an aborted task once it has unwound back to the
retry loop. Instead of treating it as an ordinary render error, it is
routed through the existing abort task completion path so prerenders
continue to postpone aborted work correctly and replay tasks use aborted
resume semantics.

If the task suspended through `use()`, preserve its thenable state
before completing the abort. This allows DEV async debug info to replay
the suspended call site and include it in the owner stack, even though
the task began aborting before it suspended.

Add coverage for render, prerender, and resumed replay tasks that
suspend after initiating an abort, including a real-timer test verifying
the suspended call site is retained in DEV owner stacks."
react,2026-06-01T06:32:58Z,"[Fizz] Finish abort in a scheduled task (#36580)

Stacked on #36584

`abort()` currently performs both the synchronous transition into an
aborted request and the reporting/completion of every unfinished task in
the same call. This change splits those phases. Aborting now
synchronously marks the request as aborted, captures the abort reason,
claims pending tasks so already scheduled work cannot continue rendering
them, and captures any DEV async debug information needed at the point
of abort. Reporting and completing the claimed tasks is then performed
from a scheduled `finishAbort()` callback.

This split does not yet allow a promise rejected by an abort listener to
replace the abort reason: work remains blocked once the request has been
aborted, and tests assert that abort-time rejections still report the
original abort reason. It establishes the task boundary needed for a
follow-up change to selectively process rejected suspended work before
completing the remaining aborted tasks.

This is observable for streaming renders because abort cleanup may now
happen after already available output is read. A Suspense boundary that
was previously converted to client rendering before it could be
serialized may instead be emitted as pending first and receive its
client-render instruction when the scheduled abort completion runs.

The scheduled finish must also preserve abort-during-render behavior in
renderers whose scheduler executes synchronously. The request tracks its
currently executing task, and both abort phases leave that task alone so
it can unwind through its normal abort path rather than being completed
twice or reporting an internal control-flow value."
react,2026-05-31T21:01:29Z,"[Fizz] Fix aborts during resumed rendering (#36584)

Stacked on #36583

Fizz previously identified a task that was rendering during an abort by
marking its blocked Segment as `RENDERING`. This does not work for
resumed replay tasks because they do not have a Segment, so an abort
during replay could eagerly abort the task before it unwound and then
report the internal `null` throw instead of the abort reason.

Track the task currently executing on the Request so aborting can leave
the in-flight task to unwind through its normal error path for both
render and replay tasks. Since this replaces the only purpose of the
Segment `RENDERING` status, remove that status and its associated
bookkeeping.

When resumed work unwinds after aborting, use the request's abort reason
in the replay catch paths so aborting while replaying a prerendered tree
or while rendering a resumed segment reports the meaningful abort reason
instead of the internal control-flow value."
react,2026-05-31T20:48:18Z,"[Fizz] Track abort state on Request (#36583)

Previously Fizz represented an active abort using the `ABORTING` request
status. This is ambiguous because aborting a task can synchronously
fatal the request, transitioning it to `CLOSING` or `CLOSED` while
another task is still unwinding from the same abort. Once that happened,
the in-flight task no longer observed that the request was aborted and
could fail to report its abort error.

This change removes the `ABORTING` status and instead tracks whether the
request was aborted independently on the Request. The existing
`fatalError` field continues to store the abort reason. As a result,
tasks that were rendering when an abort occurred continue to observe the
abort even if another aborted task has already fataled the request,
allowing all relevant unfinished task errors to be reported. DEV stalled
replays temporarily mask the aborted state so they can continue to
reconstruct suspended call sites as before.

This also establishes explicit abort state on the Request for follow-up
work that delays abort completion and allows rejected suspended work to
provide more specific abort errors."
react,2026-05-30T20:30:53Z,"[Fizz] model fb bundle's external work scheduling explicitly (#36576)

There are parts of Fizz that need to schedule work regardless of whether
the primary rendering pathway is drive externally through performWork.
Historically scheduleWork and later s cheduleMicrotask were noops in
this bundle but it makes it hard to reason about the code because you
cannot be assured that calling scheduleWork will actually result in the
function
ever executing. Now we model this explicitly through config. For builds
that drive work through external calls to performaWork we simply omit
any work scheduling in startWork or pi
ngTask. Now that this is modeled explicitly we can implement
scheduleMicrotask and scheduleWork to actually provide a guarantee that
the callbacks will get invoked.

For now I've implemented these two for the fb build as synchronous
however it is likely that queueMicrotask and setTimeout or similar are
preferred."
react,2026-05-30T15:43:05Z,"[Fizz] Continue reporting aborted task errors after a fatal abort (#36575)

Stacked on #36574

Normally, a fatal error transitions the request to CLOSED or CLOSING,
which prevents later aborted root tasks from reporting their errors.
Errors inside Suspense boundaries can still be reported, but other
pending root tasks are hidden once the first one fatally errors.

That behavior is useful for a normal fatal render error, where
subsequent work does not need to be processed. During an abort, however,
the abort reason is already the source of failure for every unfinished
task. Treating the first root task visited during abort cleanup as the
only observable fatal error privileges arbitrary task ordering and hides
useful information about the unfinished render.

Continue logging errors for pending tasks aborted after the request has
already fatally errored, while still only failing the shell once."
react,2026-05-30T15:32:47Z,"[Fizz] Do not allow abort reentrancy (#36574)

Aborting is a gate you can only pass through once. A request that is
already aborting, already completed, or already fataled cannot be
aborted a second time. Previously this was generally functionally true
but you could contrive sequences where an onError would fire after a
render fataled. This change makes it more explicit that this is not
semantically correct by bailing out of abort if the request is in a
status that cannot be aborted."
react,2026-05-29T12:27:50Z,[Flight] Avoid main-thread stalls from large debug strings (#36570)
react,2026-05-28T12:05:24Z,[ci] Create artifact attestations for builds on backport branches (#36558)
react,2026-05-27T20:19:49Z,"[Flight] Fix stranded row content under Node stream backpressure (#36516)

The Flight Server emits Text and TypedArray rows as two chunks: a header
that gives the row's id, type, and content length, followed by the
content itself. These two chunks were pushed into
`completedRegularChunks` (and `completedDebugChunks` in DEV) as separate
items, so when the destination signaled backpressure between them, the
flush would write the header and then break out before reaching the
content. The content chunk was left stranded at the head of the queue.
Async work running while the destination was paused appended new rows to
`completedImportChunks` / `completedHintChunks`, and the next drain
flushed those queues first — splicing the newly-arrived bytes into the
position the Flight Client expects to read as the original row's
content. From there the Flight Client read rows from the wrong byte
offsets and the model failed to deserialize.

This only surfaced on the Node stream path.
`createFakeWritableFromReadableStreamController`, used by
`renderToReadableStream`, always returns `true` from `write()`, so the
flush loop never saw backpressure.

The fix pushes a `NEXT_TWO_CHUNKS_ARE_ATOMIC` sentinel ahead of each
`headerChunk` / `contentChunk` pair in `completedRegularChunks` and
`completedDebugChunks`. The flush loops detect the sentinel and write
the two chunks that follow it together before re-checking backpressure,
so backpressure can still break between rows but never within one.

### Alternatives considered

- **Pushing the pair as a `[headerChunk, contentChunk]` tuple.** Simpler
but allocates an array per row. The required `isArray` branch in the
flush hot path is likely comparable with the symbol check. This also
violates the opaque `Chunk` type boundary.
- **Concatenating header and content into one chunk.** Bad for memory —
typed-array content can be large.
- **Storing atomic groups in a separate queue.** Conceptually wrong and
risks breaking reference-ordering assumptions between rows.
- **Ignoring backpressure until the regulars queue is empty.** Defeats
the point of backpressure.
- **Wrapping the tuple behind a host-config API** (`writeAdjacentChunks`
/ `isAdjacentChunks` / `chunksToAdjacentChunks` /
`getAdjacentChunksLength`). Keeps the implementation opaque but adds
four exports per host config. Also has the tuple overhead.
- **Begin/end sentinels for variable-length atomic groups.** Not needed
— only Text and TypedArray rows use this pattern, and both are pairs."
react,2026-05-27T18:24:51Z,[ci] Allow CI on backport branches (#36551)
react,2026-05-27T10:00:17Z,"Throw special error if rejected Promises are incorrectly instrumented (#36328)

When a rejected `Promise` is instrumented in userspace while setting the
rejection reason in the wrong field (e.g. `error` instead of `reason`),
React will throw undefined (because `usable.reason` doesn't exist). This
makes it incredibly hard to find the actual rejection reason.

React is now throwing a generic error if we couldn't find the rejection
reason. That will produce a callstack pointing into the problematic
Promise from where you can hopefully extract the real rejection reason
(alongside fixing the bad instrumentation).

We're doing this in prod since this is unlikely to surface in dev. We're
only doing runtime type-checking for the rejected case. That should be
hit rarely and therefore hopefully have negligible runtime impact."
react,2026-05-26T19:48:53Z,Stop transpiling computed property names (#36542)
react,2026-05-26T19:48:03Z,"[Fizz] Fix crash when capturing the callsite of a stalled use() of a Flight chunk that was rejected in the meantime (#36544)

`ensureSuspendableThenableStateDEV` patches `then` in fulfilled
thenables to avoid triggering a custom thenable's `then` in an
unexpected state. However, we weren't doing the same for rejected
thenables.

This affected `ReactPromise`, the type used for thenables passed from
server to client. if a `ReactPromise` passed to `use` was pending during
the render but became rejected between the abort and
`pushSuspendedCallSiteOnComponentStack`, then `ReactPromise#then` would
crash. (see the added test for a reprouction)
This is because we were putting the ReactPromise into an invalid state:
a `PendingChunk` expects to have a `value: null | Array<...>`, but we
were deleting `value` altogether, and tgus hitting `TypeError: can't
access property ""push"" of undefined` here:

https://github.com/facebook/react/blob/75b0945b18f4a60c80c931fd8067d9c715957879/packages/react-client/src/ReactFlightClient.js#L309
Bypassing the suspended thenable's `then` avoids this crash."
react,2026-05-26T15:23:27Z,Unified release process (#36456)
react,2026-05-26T13:30:53Z,[ci] Remove redundant node_modules caches (#36457)
react,2026-05-21T04:57:55Z,"[compiler] Don't emit spurious `import { c as _c }` for discarded functions (#36500)

## What

Codegen registers `_c` (the memo cache import) as a side effect whenever
a function compiles with memo slots. The registration persists on
`ProgramContext.imports` even if the function is later discarded (`'use
no forget'`, `'use no memo'`, lint mode, validation errors). If other
applied functions in the file compile to 0 memo slots, the stale `import
{ c as _c } from ""react/compiler-runtime"";` leaks into the output.

## Fix

In `applyCompiledFunctions`, drop the memo cache import if no applied
function uses memo slots. If `react/compiler-runtime` has no remaining
specifiers, drop the module entry too so we don't emit a bare `import
""react/compiler-runtime"";`.

## Reproducer

`use-no-forget-multiple-with-eslint-suppression.js`:

```js
import {useRef} from 'react';

const useControllableState = options => {};
function NoopComponent() {}

function Component() {
  'use no forget';
  const ref = useRef(null);
  // eslint-disable-next-line react-hooks/rules-of-hooks
  ref.current = 'bad';
  return <button ref={ref} />;
}
```

`NoopComponent` applies with 0 memo slots. `Component` is opted out, but
codegen already registered `_c` for it. Before:

```js
import { c as _c } from ""react/compiler-runtime"";
import { useRef } from ""react"";
```

After:

```js
import { useRef } from ""react"";
```

## Prior art

TS counterpart to the Rust port's fix in
7e26eb89fc3264a34a9f03a68ac7a870d9f74b51. That commit also added
`no-cache-slots-no-import.js`, which codifies the ""no memo slots, no
import"" rule.

## Test plan

- `yarn snap`: 1719/1719 passing
- Snapshot for `use-no-forget-multiple-with-eslint-suppression` loses
its spurious `_c` import
- `no-cache-slots-no-import` still passes"
react,2026-05-14T20:03:52Z,"[FlightReply] Don't drop FormData entries in `decodeReplyFromBusboy` (#36468)

Fixes a regression from #36425 where referenced `FormData` entries can
be dropped by `decodeReplyFromBusboy` when files are interleaved with
text fields in the payload.

`decodeReplyFromBusboy` queues text fields that arrive while a file is
being streamed and flushes them after the last file's `'end'`, working
around busboy emitting `'end'` deferred relative to subsequent `'field'`
events. With multiple files interleaved with text, this loses the
relative order of the affected text entries. The reorder was a
long-standing but invisible issue — entries came back in the wrong order
but were all present — until #36425 tightened how referenced FormData
entries are collected from the backing store to rely on them being
contiguous. With that assumption violated, referenced FormDatas can now
come back with some entries dropped. The pattern is most easily surfaced
through `useActionState` actions that return the submitted `FormData` as
part of their state.

This replaces the tail-flush with a linked list of pending files. Text
fields that arrive while a file is in flight are queued on the tail
file's `queuedFields`; fields that arrive when the list is empty resolve
immediately. `flush()` walks from the head, resolving each completed
file followed by its queued fields, and stops at the first file that
hasn't ended yet. The backing FormData now matches the payload's order,
restoring the contiguity assumption (and fixing the long-standing
reorder as a side effect). The same change is applied to all five copies
in `react-server-dom-{webpack,turbopack,parcel,esm,unbundled}`. Two new
tests cover the multi-file interleave.

fixes vercel/next.js#93822"
react,2026-05-14T12:34:59Z,"Add ViewTransition event callback unit tests (#36467)

Pulling some basic test coverage out of
https://github.com/facebook/react/pull/36135 as these unit tests are
needed regardless of nested enter/exit work."
react,2026-05-13T21:05:14Z,"fix[describeClassComponentFrame]: invoke constructor with new keyword (#36455)

For JavaScript runtimes that do not have
[`Reflect`](https://developer.mozilla.org/en-US/docs/Web/JavaScript/Reference/Global_Objects/Reflect)
supported, we had a fall back that was calling the constructor with
overridden `this` context via
```
fn.apply(Fake.prototype);
```

In ES6, it is required to call constructor only with the `new` keyword,
otherwise the runtime is expected to throw a corresponding TypeError:
```
TypeError: Class constructor <> cannot be invoked without 'new'
```

We've observed this error in Hermes runtime, but this is applicable to
V8 or any other runtime. The only reason why V8 wasn't affected is
because it implemented Reflect APIs.

Instead of the incorrect call, we will fall back to calling `new fn()`,
but with a temporary patched prototype of the class, which would make a
trap out of the setter for `props` object. We use the same approach when
`Reflect` APIs are available, but instead of modifying the prototype, we
pass the fake context:

https://github.com/facebook/react/blob/d5736f098edee62c44f27b053e6e48f5fa443803/packages/shared/ReactComponentStackFrame.js#L129-L148


---

See tests implemented. Without the changes, the test would fail with the
`TypeError` mentioned above."
react,2026-05-07T17:48:57Z,"[Fiber] track stylesheet preloads when explicitly preloaded (#36386)

Previously stylesheet resources would omit connecting with preloads
inserted via `preload` which caused unecessary suspension of commits
since the stylsheet resource would attempt to load the stylesheet again
and delay the initial commit or commit a fallback (depending on whether
the current screen should remain). This missing piece is that if you
preload a stylesheet you must be able to use that sheets loading state
when determining if the stylesheet is already loaded or not.

This adds a pending indicator on client inserted prelaod links. We still
assume SSR'd preloads are already loaded."
react,2026-05-06T17:39:45Z,"[FlightReply] Type hardening and performance improvements (#36425)

Co-authored-by: Hendrik Liebau <mail@hendrik-liebau.de>"
react,2026-05-02T08:50:40Z,"[DevTools] Preserve -Infinity in inspected values (#36347)

## Summary

`getDataType` collapsed both `Infinity` and `-Infinity` to the
`'infinity'` data type, so a `-Infinity` value coming from inspected
props/state/hooks was rehydrated on the frontend as `Infinity`.

This adds a `'-infinity'` `DataType`, routes it through
`dehydrate`/`hydrate` alongside the existing `'infinity'` arm, and makes
`smartParse`/`smartStringify` (used for editable hook values) symmetric.

## Files

- `packages/react-devtools-shared/src/utils.js` — extend `DataType`,
split sign in `getDataType`, route `'-infinity'` through
`formatDataForPreview`.
- `packages/react-devtools-shared/src/hydration.js` — `dehydrate` and
`hydrate` cases for `'-infinity'`.
- `packages/react-devtools-shared/src/devtools/utils.js` — `smartParse`
accepts `'-Infinity'`; `smartStringify` returns `'-Infinity'` for
negative infinite values.
-
`packages/react-devtools-shared/src/__tests__/inspectedElement-test.js`
and `legacy/inspectElement-test.js` — added `minus_infinity={-Infinity}`
to the simple-data-types tests + snapshots.
-
`packages/react-devtools-shell/src/app/InspectableElements/SimpleValues.js`
— added `minusInfinity` to the dev shell so the path is exercised
manually.

## Test plan

- [x] `yarn prettier` / `yarn linc`
- [x] `yarn flow dom-node` — no errors
- [x] `yarn test --silent --no-watchman -t ""should support simple data
types""` (source channel)
- [x] `yarn test-www --silent --no-watchman -t ""should support simple
data types""` (www-modern)
- [ ] `yarn test-build-devtools` — relies on a built bundle; left to CI
per repo policy.

Fixes #32552"
react,2026-05-02T08:50:26Z,"fix(devtools): clear highlight when mouse leaves DevTools panel (#36177)

Fixes #17855

When hovering a component in the DevTools Components inspector, a
highlight overlay appears on the inspected page. The highlight is
cleared via `onMouseLeave` on the tree container `div`. But this React
synthetic event only fires when the pointer transitions between elements
_within the same document_. When the user moves their mouse out of the
DevTools panel window entirely (e.g. to the browser viewport), no
element in the React tree receives `mouseleave`, so
`clearHostInstanceHighlight` is never sent over the bridge and the
overlay persists on the page.

The fix adds a native `mouseleave` listener on the DevTools panel's
`ownerDocument` in `Tree.js`. When the pointer exits the panel viewport,
it fires `clearHighlightHostInstance` and removes the overlay. Using
`ownerDocument` (rather than document) is consistent with the existing
pattern in `Tree.js` for browser extension compatibility.

How did you test this change?

Tested manually using the Chrome extension:

1. Opened React DevTools → Components tab on a React app
2. Hovered a component in the tree — highlight appeared on the page ✓
3. Moved the mouse out of the DevTools panel into the browser viewport —
highlight cleared immediately ✓ (previously it persisted)
4. Moved the mouse back into the panel and hovered a component —
highlighting still works normally ✓
5. Unhovered within the panel — highlight still clears correctly ✓

Ran the DevTools test suite: yarn test --no-watchman ReactDevTools — all
tests pass."
react,2026-04-29T20:12:57Z,"[enableInfiniteRenderLoopDetection] Add a flag to force throwing (#36357)

Adds a `enableInfiniteRenderLoopDetectionForceThrow` flag, which changes
the detection mechanism behaviour to start throwing, when the loop is
observed. By default, the value is set to `false`, also made dynamic
from the start for `www`."
react,2026-04-27T16:48:37Z,"Add react-flight-server-fb package for Meta's internal bundler (#36309)

<!--
  Thanks for submitting a pull request!
We appreciate you spending the time to work on these changes. Please
provide enough information so that others can review your pull request.
The three fields below are mandatory.

Before submitting a pull request, please make sure the following is
done:

1. Fork [the repository](https://github.com/facebook/react) and create
your branch from `main`.
  2. Run `yarn` in the repository root.
3. If you've fixed a bug or added code that should be tested, add tests!
4. Ensure the test suite passes (`yarn test`). Tip: `yarn test --watch
TestName` is helpful in development.
5. Run `yarn test --prod` to test in the production environment. It
supports the same options as `yarn test`.
6. If you need a debugger, run `yarn test --debug --watch TestName`,
open `chrome://inspect`, and press ""Inspect"".
7. Format your code with
[prettier](https://github.com/prettier/prettier) (`yarn prettier`).
8. Make sure your code lints (`yarn lint`). Tip: `yarn linc` to only
check changed files.
  9. Run the [Flow](https://flowtype.org/) type checks (`yarn flow`).
  10. If you haven't already, complete the CLA.

Learn more about contributing:
https://reactjs.org/docs/how-to-contribute.html
-->

## Summary

<!--
Explain the **motivation** for making this change. What existing problem
does the pull request solve?
-->

- Adds a new react-flight-server-fb package providing RSC Flight
bindings for Meta's internal bundler stack
- Unlike webpack/turbopack integrations, this uses no manifest. Module
metadata is self-contained in ClientReference objects and sent over the
wire as-is
- Registers dom-browser-fb and dom-node-fb host configs for Rollup
builds targeting FB_WWW_DEV and FB_WWW_PROD

 Key design differences from other bundler

 - No build-time manifest
- Module IDs use Haste module names (e.g. `""MyComponent""`), with named
exports encoded as `""Module#export""`, rather than file paths resolved
through a manifest
- Client-side loading uses `Bootloader.handlePayload()` +
`JSResource().load()`
- `resolveClientReferenceMetadata` and `resolveClientReference` are
pass-throughs

## How did you test this change?

<!--
Demonstrate the code is solid. Example: The exact commands you ran and
their output, screenshots / videos if the pull request changes the user
interface.
How exactly did you verify that your PR solves the issue you wanted to
solve?
  If you leave this empty, your PR will very likely be closed.
-->

E2E integration test is set up on Meta's internal system."
anikdey72196,Smart commit mesenger,2026-06-07T17:54:49Z,feat: add commit history logging to CSV file
